{"cameraMode":{"drawMode":0,"name":"Shaded","section":"Shading Mode"},"sceneLighting":true,"audioPlay":false,"sceneViewState":{"showFog":true,"showMaterialUpdate":false,"showSkybox":true,"showFlares":true,"showImageEffects":true,"showParticleSystems":true},"in2DMode":false,"pivot":{"x":-49.66638946533203,"y":1.0869296789169312,"z":-48.95513153076172},"rotation":{"x":0.029010294005274774,"y":-0.7956569790840149,"z":0.038227830082178119,"w":0.6038435697555542},"size":3.9098169803619386,"orthographic":false}