{"cameraMode":{"drawMode":0,"name":"Shaded","section":"Shading Mode"},"sceneLighting":false,"audioPlay":false,"sceneViewState":{"showFog":true,"showMaterialUpdate":false,"showSkybox":true,"showFlares":true,"showImageEffects":true,"showParticleSystems":true},"in2DMode":false,"pivot":{"x":6.556510925292969e-7,"y":0.7603054046630859,"z":-0.004672825336456299},"rotation":{"x":-0.47680118680000307,"y":-0.34666988253593447,"z":0.21206802129745484,"w":-0.7794278264045715},"size":5.107895374298096,"orthographic":false}