{"cameraMode":{"drawMode":0,"name":"Shaded","section":"Shading Mode"},"sceneLighting":false,"audioPlay":false,"sceneViewState":{"showFog":true,"showMaterialUpdate":false,"showSkybox":true,"showFlares":true,"showImageEffects":true,"showParticleSystems":true},"in2DMode":false,"pivot":{"x":-21.620262145996095,"y":0.869835615158081,"z":8.55501651763916},"rotation":{"x":-0.08175826817750931,"y":0.22377699613571168,"z":-0.018841449171304704,"w":-0.9710224270820618},"size":2.789083242416382,"orthographic":false}